{
	"simulator": {
		"deltaT": 1,
		"tZero": 0,
		"nElements": 30,
		"elementLabels": [
			"stimulusRed",
			"stimulusGreen",
			"targetImage",
			"nodeRed",
			"nodeGreen",
			"preprocessing",
			"targetLocationMap",
			"hand",
			"fixedStimuli",
			"handTargetDifferenceMap",
			"field d",
			"velocityMap",
			"d -> d",
			"d -> v",
			"v -> d (local)",
			"v -> d (global)",
			"noise u",
			"noise kernel u",
			"noise v",
			"noise kernel v",
			"c_21",
			"c_12",
			"historyRedNodeActivation",
			"historyRedNodeOutput",
			"historyGreenNodeActivation",
			"historyGreenNodeOutput",
			"shiftedStimulusRed",
			"shiftedStimulusGreen",
			"stimulusHistoryRed",
			"stimulusHistoryGreen"
		],
		"elements": [
			{
				"label": "stimulusRed",
				"class": "BoostStimulus",
				"param": {
					"amplitude": 5
				},
				"nInputs": 0,
				"input": null
			},
			{
				"label": "stimulusGreen",
				"class": "BoostStimulus",
				"param": {
					"amplitude": 10
				},
				"nInputs": 0,
				"input": null
			},
			{
				"label": "targetImage",
				"class": "ModifiedImageLoader",
				"param": {
					"fileNames": "C:\\Users\\omer\\Desktop\\cosivina\\2.png",
					"size": [120,120],
					"currentSelection": 1,
					"onTimes": [50,"_Inf_"]
				},
				"nInputs": 0,
				"input": null
			},
			{
				"label": "nodeRed",
				"class": "SingleNodeDynamics",
				"param": {
					"tau": 150,
					"h": -1,
					"beta": 2,
					"selfExcitation": 2,
					"noiseLevel": 0.05,
					"range": [-10,10],
					"resolution": 0.05
				},
				"nInputs": 2,
				"input": [
					{
						"label": "targetImage",
						"component": "inputForRed"
					},
					{
						"label": "c_12",
						"component": "output"
					}
				]
			},
			{
				"label": "nodeGreen",
				"class": "SingleNodeDynamics",
				"param": {
					"tau": 150,
					"h": -1,
					"beta": 2,
					"selfExcitation": 2,
					"noiseLevel": 0.05,
					"range": [-10,10],
					"resolution": 0.05
				},
				"nInputs": 2,
				"input": [
					{
						"label": "targetImage",
						"component": "inputForGreen"
					},
					{
						"label": "c_21",
						"component": "output"
					}
				]
			},
			{
				"label": "preprocessing",
				"class": "Preprocessing",
				"param": {
					"size": [1,1]
				},
				"nInputs": 4,
				"input": [
					{
						"label": "targetImage",
						"component": "imageRed"
					},
					{
						"label": "targetImage",
						"component": "imageGreen"
					},
					{
						"label": "nodeRed",
						"component": "output"
					},
					{
						"label": "nodeGreen",
						"component": "output"
					}
				]
			},
			{
				"label": "targetLocationMap",
				"class": "NeuralField",
				"param": {
					"size": [120,120],
					"tau": 5,
					"h": -1,
					"beta": 4
				},
				"nInputs": 1,
				"input": {
					"label": "preprocessing",
					"component": "output"
				}
			},
			{
				"label": "hand",
				"class": "ModifiedGaussStimulus2D",
				"param": {
					"size": [120,120],
					"sigmaX": 5,
					"sigmaY": 5,
					"amplitude": 1,
					"positionX": 60,
					"positionY": 60,
					"circularX": 1,
					"circularY": 1,
					"normalized": 0
				},
				"nInputs": 0,
				"input": null
			},
			{
				"label": "fixedStimuli",
				"class": "ModifiedGaussStimulus2D",
				"param": {
					"size": [120,120],
					"sigmaX": 5,
					"sigmaY": 5,
					"amplitude": 1,
					"positionX": 60,
					"positionY": 60,
					"circularX": 1,
					"circularY": 1,
					"normalized": 0
				},
				"nInputs": 0,
				"input": null
			},
			{
				"label": "handTargetDifferenceMap",
				"class": "ModifiedConvolution",
				"param": {
					"size": [120,120],
					"flipInputs": 1,
					"shape": "same"
				},
				"nInputs": 2,
				"input": [
					{
						"label": "hand",
						"component": "output"
					},
					{
						"label": "targetLocationMap",
						"component": "output"
					}
				]
			},
			{
				"label": "field d",
				"class": "NeuralField",
				"param": {
					"size": [120,120],
					"tau": 20,
					"h": -0.5,
					"beta": 4
				},
				"nInputs": 6,
				"input": [
					{
						"label": "fixedStimuli",
						"component": "output"
					},
					{
						"label": "handTargetDifferenceMap",
						"component": "output"
					},
					{
						"label": "d -> d",
						"component": "output"
					},
					{
						"label": "v -> d (local)",
						"component": "output"
					},
					{
						"label": "v -> d (global)",
						"component": "output"
					},
					{
						"label": "noise kernel u",
						"component": "output"
					}
				]
			},
			{
				"label": "velocityMap",
				"class": "NeuralField",
				"param": {
					"size": [120,120],
					"tau": 5,
					"h": -0.5,
					"beta": 4
				},
				"nInputs": 2,
				"input": [
					{
						"label": "d -> v",
						"component": "output"
					},
					{
						"label": "noise kernel v",
						"component": "output"
					}
				]
			},
			{
				"label": "d -> d",
				"class": "GaussKernel2D",
				"param": {
					"size": [120,120],
					"sigmaX": 5,
					"sigmaY": 5,
					"amplitude": 12.5,
					"circularX": 1,
					"circularY": 1,
					"normalized": 1,
					"cutoffFactor": 5
				},
				"nInputs": 1,
				"input": {
					"label": "field d",
					"component": "output"
				}
			},
			{
				"label": "d -> v",
				"class": "GaussKernel2D",
				"param": {
					"size": [120,120],
					"sigmaX": 5,
					"sigmaY": 5,
					"amplitude": 12.5,
					"circularX": 1,
					"circularY": 1,
					"normalized": 1,
					"cutoffFactor": 5
				},
				"nInputs": 1,
				"input": {
					"label": "field d",
					"component": "output"
				}
			},
			{
				"label": "v -> d (local)",
				"class": "GaussKernel2D",
				"param": {
					"size": [120,120],
					"sigmaX": 10,
					"sigmaY": 10,
					"amplitude": -0,
					"circularX": 1,
					"circularY": 1,
					"normalized": 1,
					"cutoffFactor": 5
				},
				"nInputs": 1,
				"input": {
					"label": "velocityMap",
					"component": "output"
				}
			},
			{
				"label": "v -> d (global)",
				"class": "SumInputs",
				"param": {
					"size": [120,120]
				},
				"nInputs": 1,
				"input": {
					"label": "velocityMap",
					"component": "output"
				}
			},
			{
				"label": "noise u",
				"class": "NormalNoise",
				"param": {
					"size": [120,120],
					"amplitude": 1
				},
				"nInputs": 0,
				"input": null
			},
			{
				"label": "noise kernel u",
				"class": "GaussKernel2D",
				"param": {
					"size": [120,120],
					"sigmaX": 0,
					"sigmaY": 0,
					"amplitude": 0.1,
					"circularX": 1,
					"circularY": 1,
					"normalized": 1,
					"cutoffFactor": 5
				},
				"nInputs": 1,
				"input": {
					"label": "noise u",
					"component": "output"
				}
			},
			{
				"label": "noise v",
				"class": "NormalNoise",
				"param": {
					"size": [120,120],
					"amplitude": 1
				},
				"nInputs": 0,
				"input": null
			},
			{
				"label": "noise kernel v",
				"class": "GaussKernel2D",
				"param": {
					"size": [120,120],
					"sigmaX": 0,
					"sigmaY": 0,
					"amplitude": 0.1,
					"circularX": 1,
					"circularY": 1,
					"normalized": 1,
					"cutoffFactor": 5
				},
				"nInputs": 1,
				"input": {
					"label": "noise v",
					"component": "output"
				}
			},
			{
				"label": "c_21",
				"class": "ScaleInput",
				"param": {
					"size": [1,1],
					"amplitude": -9
				},
				"nInputs": 1,
				"input": {
					"label": "nodeRed",
					"component": "output"
				}
			},
			{
				"label": "c_12",
				"class": "ScaleInput",
				"param": {
					"size": [1,1],
					"amplitude": -8.98114
				},
				"nInputs": 1,
				"input": {
					"label": "nodeGreen",
					"component": "output"
				}
			},
			{
				"label": "historyRedNodeActivation",
				"class": "RunningHistory",
				"param": {
					"size": [1,1],
					"timeSlots": 100,
					"interval": 1
				},
				"nInputs": 1,
				"input": {
					"label": "nodeRed",
					"component": "activation"
				}
			},
			{
				"label": "historyRedNodeOutput",
				"class": "RunningHistory",
				"param": {
					"size": [1,1],
					"timeSlots": 100,
					"interval": 1
				},
				"nInputs": 1,
				"input": {
					"label": "nodeRed",
					"component": "output"
				}
			},
			{
				"label": "historyGreenNodeActivation",
				"class": "RunningHistory",
				"param": {
					"size": [1,1],
					"timeSlots": 100,
					"interval": 1
				},
				"nInputs": 1,
				"input": {
					"label": "nodeGreen",
					"component": "activation"
				}
			},
			{
				"label": "historyGreenNodeOutput",
				"class": "RunningHistory",
				"param": {
					"size": [1,1],
					"timeSlots": 100,
					"interval": 1
				},
				"nInputs": 1,
				"input": {
					"label": "nodeGreen",
					"component": "output"
				}
			},
			{
				"label": "shiftedStimulusRed",
				"class": "SumInputs",
				"param": {
					"size": [1,1]
				},
				"nInputs": 2,
				"input": [
					{
						"label": "targetImage",
						"component": "inputForRed"
					},
					{
						"label": "nodeRed",
						"component": "h"
					}
				]
			},
			{
				"label": "shiftedStimulusGreen",
				"class": "SumInputs",
				"param": {
					"size": [1,1]
				},
				"nInputs": 2,
				"input": [
					{
						"label": "targetImage",
						"component": "inputForGreen"
					},
					{
						"label": "nodeGreen",
						"component": "h"
					}
				]
			},
			{
				"label": "stimulusHistoryRed",
				"class": "RunningHistory",
				"param": {
					"size": [1,1],
					"timeSlots": 100,
					"interval": 1
				},
				"nInputs": 1,
				"input": {
					"label": "shiftedStimulusRed",
					"component": "output"
				}
			},
			{
				"label": "stimulusHistoryGreen",
				"class": "RunningHistory",
				"param": {
					"size": [1,1],
					"timeSlots": 100,
					"interval": 1
				},
				"nInputs": 1,
				"input": {
					"label": "shiftedStimulusGreen",
					"component": "output"
				}
			}
		]
	}
}
